entity_id,support_size,Name_norm,Street_norm,City_norm,Zip_norm,Email_norm,Phone_norm,name_share,all_emails,all_phones
ent_0659fd3b3bd7,3,patrick mccall,smith viaduct 83,larryfort,91751,patrick.mccall@example.com,0561681472,0.3333333333333333,patrick.mccall@example.co;patrick.mccall@example.com,0560681472;0561681472
ent_06642f492c0a,3,ashley greer phd,golden bypass 158,bakerland,58050,ashley.greer.phd@example.com,0026012796,0.3333333333333333,ashle.greer.phd@example.com;ashley.greer.phd@example.com,0026012796
ent_0b3092293a05,3,jimmy scott,alexis junction 48,ashleyborough,23503,jimmy.scott@example.com,0565270477,0.6666666666666666,jimmy.scott@example.com,0565270477;0765270472
ent_0f1ec283362f,3,norman cook,pham way 2,west erik,92418,norman.cook@example.com,0546688937,0.6666666666666666,norman.cook@example.com,0546188937;0546688937
ent_11f67ba52a2b,3,chelsea travis,weaver extensions 189,johnsonton,30991,chelsea.travis@example.com,0833146591,0.6666666666666666,chelsea.trais@example.com;chelsea.travis@example.com;chlsea.travis@example.com,0833146591
ent_13f380eca875,3,jacob williams,april turnpike 8,paulmouth,6587,jacob.williams@example.com,0902559056,0.3333333333333333,jacob.williams@example.com,0902559056
ent_16a059ceb722,3,john hancock,franklin alley 177,bakermouth,37889,john.hancock@example.com,0280598262,0.6666666666666666,john.hancock@example.com,0220598262;0280598262
ent_1d30df464877,3,anthony adams,tonya springs 88,dwayneton,91018,anthony.adams@example.com,0579887749,0.3333333333333333,anthony.adams@example.com,0579887749
ent_1e295c05aed8,3,michelle craig,rich manors 121,new danielfurt,19549,michelle.craig@example.com,0884795137,0.6666666666666666,michelle.craig@example.com;michellecraig@example.com,0884795137
ent_1e4ca479bf0e,3,andrea jones,richard port 103,new brooke,81684,andrea.jones@example.com,0850142940,0.3333333333333333,andrea.jone@example.com;andrea.jones@example.com,0850142940
ent_2332fa9dec0d,3,elizabeth harrell,taylor club 183,port tammy,89148,elizabeth.harrell@example.com,0258313237,0.3333333333333333,elizabeth.harrel@example.com;elizabeth.harrell@example.co;elizabeth.harrell@example.com,0258313237;0758313837
ent_24b3922f32b8,3,jessica george,navarro rapids 80,anthonybury,88882,jessica.george@example.com,0535218188,1.0,jessica.george@example.com,0535218188
ent_25ec69a943d6,3,charles keller,robert harbor 31,new stacyburgh,82551,charles.keller@example.com,0709991738,0.6666666666666666,charles.kelle@example.com;charles.keller@example.com,0709921738;0709991738
ent_261e908a1a66,3,vickie wise,hannah voerpass 145,timothyside,95090,vickie.wise@example.com,0856420593,0.6666666666666666,vickie.wise@example.co;vickie.wise@example.com,0856420593
ent_29f36a0ee964,3,chad baldwin,johnson flats 110,port jameston,41866,chad.baldwin@example.com,0603341918,0.6666666666666666,chad.baldwin@example.com,0603341918
ent_31bf961dfe66,3,michael powell,glenn wells 197,port brian,4835,michael.powell@example.com,0015569902,1.0,michael.powell@example.com,0015569902
ent_31c595351506,3,julie curry,zoe keys 178,lake casey,85927,julie.curry@example.com,0400504556,0.6666666666666666,julie.curry@example.com,0400504556;0400704556
ent_31ecb02a7e15,3,jessica joyce,paul ports 87,west bradley,57655,jessica.joyce@example.com,0075273545,0.3333333333333333,jessica.joyce@example.com,0075273545
ent_336bc2913495,3,nicole bowers,amanda inlet 22,mckeeborough,48714,nicole.bowers@example.com,0426265511,0.6666666666666666,nicole.bowers@example.com,0426265511
ent_3e56b3e010a9,3,tamara davis,john radial 197,warrenfurt,41169,tamara.davis@example.com,0265676618,0.3333333333333333,tamara.davis@example.com;tamaradavis@example.com,0265676618
ent_420dce1cd88f,3,mr christopher walters,shannon fords 116,new kathy,64670,mr.christopher.walters@example.com,0846997335,0.6666666666666666,mr.christopher.walters@example.com,0846967335;0846997335;5846997335
ent_42af445e7ef4,3,david grant,obrien turnpike 18,port alexandra,59550,david.grant@example.com,0201836675,1.0,david.grant@example.com,0201836675
ent_42d4061b0caa,3,james lopez,angela overpass 155,donaldmouth,59614,james.lopez@example.com,0806865086,0.6666666666666666,james.lopez@example.com,0806865086
ent_44885e743112,3,trevor burton,webster trace 110,maldonadoshire,84779,trevor.burton@example.com,0870568566,0.3333333333333333,trevor.burto@example.com;trevor.burton@example.com;trvor.burton@example.com,0870568566
ent_476ddf22a7d3,3,william mcgee,curtis loop 21,new andrealand,79695,william.mcgee@example.com,0002194672,0.6666666666666666,william.mcgee@example.com,0002164672;0002194672
ent_4ab8ce320c2b,3,matthew garcia,davenport greens 83,south desiree,48381,matthew.garcia@example.com,0917135785,0.6666666666666666,matthew.garcia@example.com,0917135785
ent_4be7f2c40abe,3,karen rogers,davidson wall 27,joseport,25189,karen.rogers@example.com,0840943533,0.6666666666666666,karen.rogers@example.com,0840943533
ent_4de7840ffbef,3,hannah white,rice stream 90,port adam,3480,hannah.white@example.com,0743748969,1.0,hannah.white@example.com,0743748969
ent_4e9521fcfe7f,3,andrea gray,daniel flats 129,serranoville,23756,andrea.gray@example.com,0189847139,0.3333333333333333,andra.gray@example.com;andre.gray@example.com;andrea.gray@example.com,0189847139
ent_4f6d1aa145d5,3,katherine salas,harrison mill 81,jackton,33593,katherine.salas@example.com,0452711116,0.6666666666666666,katherine.sala@example.com;katherine.salas@example.com,0452711104;0452711116;0952511116
ent_5b84cb38928a,3,richard avery,jason locks 51,laurenton,21569,richard.avery@example.com,0420696942,0.6666666666666666,richard.avery@example.com,0420696942;0466696942
ent_62fb1ad98800,3,amanda huff,hernandez station 165,west randy,6917,amanda.huff@example.com,0511810220,0.3333333333333333,amanda.huff@example.com,0511810220
ent_630a168d3180,3,jasmine bush,joshua squares 11,new cristianside,25006,jasmine.bush@example.com,0385677005,1.0,jasmine.bush@example.com,0385677005
ent_64c0160a2ba1,3,jenna larson,kyle lane 74,lisahaven,12750,jenna.larson@example.com,0086211823,0.6666666666666666,jenna.arson@example.com;jenna.larson@example.com,0086211823;0086811820
ent_68c575ec6587,3,natalie ortiz,carr field 19,port philipmouth,25480,natalie.ortiz@example.com,0797062397,0.3333333333333333,natalie.ortiz@example.co;natalie.ortiz@example.com,0797062397;0799062397
ent_6be8575a46d0,3,matthew hunt,jack ridges 2,jamesburgh,88447,matthew.hunt@example.com,0138759271,1.0,matthew.hunt@example.com,0138759271
ent_6df115a2d0b5,3,larry robertson,velazquez island 190,south vicki,97405,larry.robertson@example.com,0937597383,0.3333333333333333,larry.robertson@example.com;larry.roertson@example.com,0937597383
ent_6df22823cdce,3,mary valdez md,robert light 147,new johnnyberg,27435,mary.valdez.md@example.com,0049047128,0.3333333333333333,mary.valdez.md@example.com,0049047128
ent_73602a66712a,3,danielle burke,maxwell spurs 74,port melanieport,27429,danielle.burke@example.com,0722569961,0.3333333333333333,danielle.burke@example.com,0722569901;0722569961
ent_745f9df52733,3,lisa campbell,tyler rest 194,port jose,69070,lisa.campbell@example.com,0102767478,0.3333333333333333,lisa.campbell@example.com,0102747478;0102767478
ent_760ada105c71,3,peter callahan jr,laura manors 126,south patrickmouth,69853,peter.callahan.jr.@example.com,0015430391,0.6666666666666666,peter.callahan.jr.@example.com,0015430391
ent_769539ba9b64,3,catherine richards,costa mountains 116,rickymouth,88336,catherine.richards@example.com,0935978207,0.6666666666666666,catherine.ichards@example.com;catherine.richards@example.co;catherine.richards@example.com,0935978207
ent_78d75a57200e,3,robert charles,mitchell place 184,lake sandrafort,39771,robert.charles@example.com,0926831589,0.6666666666666666,robert.charles@example.com,0926831589
ent_79554d71590d,3,timothy ryan,michael cliff 70,cindyville,94840,timothy.ryan@example.com,0443135182,0.3333333333333333,timothy.ryan@example.com,0443135182
ent_797919f9c0c6,3,emily hayes,steele drives 27,lindseychester,22604,emily.hayes@example.com,0215353961,1.0,emily.hayes@example.com;mily.hayes@example.com,0215353961
ent_7e097141cd93,3,isaac miller,brett road 148,jessicabury,56761,isaac.miller@example.com,0472846392,0.6666666666666666,isaac.miller@example.com,0472846392
ent_8421ef38470f,3,stephanie dalton,kimberly forges 27,port susan,68390,stephanie.dalton@example.com,0256746807,0.6666666666666666,stephanie.dalton@example.com,0256746807
ent_8702655a6a9f,3,elizabeth gonzalez,noah village 92,south andrea,90265,elizabeth.gonzalez@example.com,0902771670,0.6666666666666666,elizabeth.gonzalez@example.com;elizaeth.gonzalez@example.com,0902771670
ent_8eb065776d51,3,brent jordan,jenkins way 19,lake deniseville,8445,brent.jordan@example.com,0079911838,0.6666666666666666,brent.jordan@example.com,0079911838
ent_8f84c986779a,3,kristi williams,david skyway 137,floydmouth,91767,kristi.williams@example.com,0350583003,0.6666666666666666,kristi.williams@example.com,0350583003
ent_934167fed873,3,ronald burke,cindy pass 80,garymouth,59938,ronald.burke@example.com,0778660324,1.0,ronald.buke@example.co;ronald.burke@example.com,0778660324
ent_95191c808638,3,joseph lopez,julian crossroad 195,acostabury,12323,joseph.lopez@example.com,0772519966,0.3333333333333333,joseph.lopez@example.com,0772519966;0872819966
ent_9a147dea8803,3,corey murphy,tammy harbors 149,darlenefurt,89566,corey.murphy@example.com,0049663193,0.3333333333333333,corey.murphy@example.co;corey.murphy@example.com,0049663193;0049669793
ent_9b79260fbdb0,3,april fitzgerald,roberson orchard 22,lake beth,96248,april.fitzgerald@example.com,0806325431,0.6666666666666666,april.fitzgerald@example.com,0806325431
ent_9cb5f70af2e6,3,tyler miller,douglas summit 38,lewisside,36038,tyler.miller@example.com,0921851569,0.6666666666666666,tyler.miller@example.co;tyler.miller@example.com,0921831562;0921851569
ent_9d84bd7211d2,3,james poole,francisco cliffs 106,west andrewview,14227,james.poole@example.com,0647423122,1.0,james.poole@example.com,0647423122
ent_a0f0f9d3a429,3,charles bush,kim vista 160,susanstad,92846,charles.bush@example.com,0206980420,0.3333333333333333,charles.bush@example.com,0206980420
ent_a115df827f3c,3,claire clark,turner bridge 27,east suzanne,15877,claire.clark@example.com,0891411739,0.6666666666666666,claire.clark@example.com,0891411739
ent_a535bc2864d2,3,jane mcneil,tyler camp 2,new tammy,44016,jane.mcneil@example.com,0104328986,0.3333333333333333,ane.mcneil@example.com;jane.mcneil@example.com,0104328986
ent_a6bc6ea64d84,3,phillip burns,murray street 127,garyside,64505,phillip.burns@example.com,0217535408,0.3333333333333333,phillip.burns@example.com,0217535408
ent_a9244c42ef1d,3,gloria gomez,bishop fields 111,west angela,29974,gloria.gomez@example.com,0670662532,0.6666666666666666,gloria.gomez@example.com,0670662532
ent_ab69c3734d8a,3,margaret alvarez,romero vista 165,port diane,73671,margaret.alvarez@example.com,0773329456,1.0,margaret.alvarez@example.co;margaret.alvarez@example.com,0773329456
ent_ade718a069df,3,courtney wiley,anderson lights 125,garyton,39586,courtney.wiley@example.com,0621267969,1.0,courtney.wiley@example.com,0621267969
ent_b55f7333dab2,3,mr jacob scott jr,jeremy pass 176,north micheletown,32554,mr.jacob.scott.jr.@example.com,0448463122,0.6666666666666666,mr.jacob.scott.jr.@example.com,0448463122
ent_bbe4c5cc1b91,3,harold ellis,lisa squares 31,samanthashire,11609,harold.ellis@example.com,0365177739,0.6666666666666666,harold.elis@example.com;harold.ellis@example.com,0365177739;0367177739
ent_c2df997783b9,3,andre wright,christine garden 78,south elizabeth,74421,andre.wright@example.com,0367136959,0.3333333333333333,andre.wright@example.com,0367136959;4367136059
ent_c7812d4cae0c,3,veronica coffey,davis locks 71,west amandamouth,48812,veronica.coffey@example.com,0249818299,0.6666666666666666,veronica.coffey@example.com,0249818299
ent_cd10d59ede7a,3,michelle floyd,king walks 30,south coreyburgh,8370,michelle.floyd@example.com,0227770793,0.6666666666666666,michele.floyd@example.com;michelle.floyd@example.com,0227770793
ent_cd700425c44a,3,dale wright,moore coves 98,north emmafort,80956,dale.wright@example.com,0164236103,0.6666666666666666,dale.wright@example.com,0164236103
ent_cecd67f6b5a9,3,miss jennifer goodwin,rodriguez courts 146,jeffreyhaven,73638,miss.jennifer.goodwin@example.com,0087814141,0.6666666666666666,miss.jennifer.goodwin@example.com,0087814141
ent_d2586bd992b7,3,kimberly taylor,brittany motorway 78,millsside,41088,kimberly.taylor@example.com,0108562884,0.6666666666666666,kimberly.taylor@example.com,0108562884
ent_d68eb8a27f67,3,johnny ward,mcdonald plaza 41,new nicole,9118,johnny.ward@example.com,0770632424,0.3333333333333333,johnn.ward@example.com;johnny.ward@example.com,0770632424
ent_dc29a86ff9c5,3,kristen martinez,ashley lock 11,west jasonstad,28253,kristen.martinez@example.com,0310890714,1.0,kristen.martinez@example.com,0310890714;0310890715;0380890714
ent_ddbabb36b6c2,3,richard stewart,susan pike 107,port williamchester,71683,richard.stewart@example.com,0742662991,1.0,richard.stewart@example.com,0742662991
ent_e004a0068b7b,3,karen gibson,perry plaza 85,toddborough,32936,karen.gibson@example.com,0307450544,0.6666666666666666,karen.gibson@example.com,0307450544
ent_e570e464826e,3,sarah ward,simmons crescent 37,port katherineton,1768,sarah.ward@example.com,0863917410,0.6666666666666666,sarah.wad@example.com;sarah.ward@example.com,0863916410;0863917410
ent_e62b0ebc0d6b,3,priscilla mcmillan,gutierrez ferry 52,east jessicaview,98002,priscilla.mcmillan@example.com,0760375482,1.0,priscilla.mcmillan@example.com,0760375482
ent_e999caad4047,3,evelyn martinez,kim locks 109,klinefurt,44939,evelyn.martinez@example.com,0278282742,1.0,evelyn.martinez@example.com,0278282742
ent_f31101091915,3,jerry christensen,rogers park 187,hunterborough,47008,jerry.christensen@example.com,0261796405,0.6666666666666666,jerry.christensen@example.co;jerry.christensen@example.com,0261796405;0263796405
ent_f5e605d18ed1,3,katie estrada,powell hill 14,east robert,50196,katie.estrada@example.com,0471167190,0.6666666666666666,katie.estada@example.com;katie.estrada@example.com,0471167190
ent_f7ddd4e032da,3,aaron little,gross brook 172,kimberlybury,42535,aaron.little@example.com,0715695620,0.6666666666666666,aaron.little@example.com,0715695620
ent_00c581b545d6,2,jeffrey mendez,ashley ferry 91,new theresaland,69452,jeffrey.mendez@example.com,0290965610,1.0,jeffrey.mendez@example.com,0290965610
ent_018325a40be6,2,jamie williams,ashley fields 70,angelaland,51140,jamie.williams@example.com,0814917785,0.5,jamie.williams@example.com,0814917785
ent_0478d695a4f1,2,gregory jones,mike estate 173,bassport,80674,gregory.jones@example.com,0387214895,0.5,gregory.jones@example.com;gregory.jons@example.com,0387214895
ent_04e203d9bb2b,2,wendy rhodes,lauren loop 44,zacharytown,92358,wendy.rhodes@example.com,0849939089,0.5,wendy.rhodes@example.co;wendy.rhodes@example.com,0849939089
ent_07a668d1b77c,2,andrea martin,lawrence shoal 181,jenniferfurt,36054,andrea.martin@example.com,0077119918,0.5,andre.martin@example.com;andrea.martin@example.com,0077119918
ent_0a77b8525c5f,2,evelyn saunders,moran lakes 12,wilsonbury,788,evelyn.saunders@example.com,0054364597,0.5,evelyn.saunders@example.com,0054364597
ent_0db432ef6277,2,brandon simmons,brooks drives 81,jonesland,12720,brandon.simmons@example.com,0278585497,0.5,brandon.simmons@example.com,0278585497;0978485497
ent_0df14c3e881d,2,curtis maynard,mitchell circle 123,lake audreyside,97322,curtis.maynard@example.com,0932710405,0.5,curtis.maynard@example.com,0932710405
ent_0e9a852d4ebb,2,greg martinez,benson neck 147,east patrickville,14027,greg.martinez@example.com,0293143866,0.5,greg.marinez@example.com;greg.martinez@example.com,0293143866
ent_11b50895ecc3,2,patty brandt,cole springs 30,east sydneyhaven,16144,patty.brandt@example.com,0406937515,0.5,patty.brandt@example.com,0406937515
ent_141a10716860,2,mr gerald rowe,mosley wall 43,south darrenland,50658,mr.gerald.rowe@example.com,0572870320,0.5,m.gerald.rowe@example.co;mr.gerald.rowe@example.com,0572870320
ent_1b8aead95ace,2,shane garrison,james mount 121,kevinbury,29720,shane.garrison@example.com,0080531003,0.5,shane.garrison@example.com,0080531003;0280131003
ent_24b2f3a40390,2,ashley perry,kelsey mission 122,barretthaven,18148,ashley.perry@example.com,0740633569,1.0,ashley.perry@example.com,0740633369;0740633569
ent_25e6fc0f959f,2,nathaniel conway,stephen hill 29,stevenville,23399,nathaniel.conway@example.com,0244717465,0.5,nathaniel.conway@example.co;nathaniel.conway@example.com,0244717465
ent_2a5c8b15b5fb,2,aaron arnold jr,nichols heights 96,new lisachester,23997,aaron.arnold.jr.@example.com,0102726149,1.0,aaron.arnold.jr.@example.com,0102726149
ent_2ad461058384,2,sharon james,reid lakes 172,west michael,88342,sharon.james@example.com,0419283276,1.0,sharon.jame@example.com;sharon.james@example.com,0419283276
ent_2c313121dc94,2,shane buchanan,rodriguez drive 2,new brianna,99903,shane.buchanan@example.com,0973397767,0.5,shane.buchanan@example.com,0973397767
ent_2e8fae23b8bd,2,raymond hancock,diane plains 85,gutierrezborough,68453,raymond.hancock@example.com,0281685054,0.5,raymond.hacock@example.com;raymond.hancock@example.com,0281685054
ent_33796d173846,2,dr jessica rodriguez dds,jones common 5,charleneland,17041,dr.jessica.rodriguez.dds@example.com,0551694097,0.5,dr.jessica.rodriguez.dds@example.com,0551694097
ent_35e8fcd94f66,2,david holden,trujillo mill 124,north hannah,47446,david.holden@example.com,0494653984,0.5,david.holden@example.com,0494643484;0494653984
ent_3638f840e8d5,2,david combs,shannon isle 69,michaelside,73572,david.combs@example.com,0671795760,1.0,davi.combs@example.com;david.combs@example.com,0671795760
ent_37b060b02de6,2,william daniels,small dale 126,nelsonville,43844,william.daniels@example.com,0205061497,0.5,william.daniels@example.com,0205061497
ent_38651620e1f5,2,anthony moore,emily groves 120,stanleyfort,80071,anthony.moore@example.com,0426841459,1.0,anthony.moore@example.com,0426841459
ent_3eed4fe70cac,2,connie maxwell,william crescent 26,port michael,95840,connie.maxwell@example.com,0907903067,0.5,connie.maxwell@example.com,0907903067
ent_47160c3d6e6e,2,mary ryan,lee springs 169,cannonberg,80853,mary.ryan@example.com,0999219212,1.0,mary.ryan@example.com,0999219212
ent_4b38004f3717,2,heather green,owens unions 30,gillmouth,27125,heather.green@example.com,0100225579,0.5,heather.green@example.com,0100225579
ent_4fbf0c5002e6,2,patricia banks,wood cape 61,perezfort,50470,patricia.banks@example.com,0760644134,1.0,patrica.banks@example.com;patricia.banks@example.com,0760644134
ent_530a2f360f74,2,teresa perry,bauer centers 17,allisonland,40334,teresa.perry@example.com,0107609543,1.0,teresa.perry@example.com,0107609543
ent_55546a915eed,2,katherine johnston,mark harbors 131,diazshire,26689,katherine.johnston@example.com,0770435811,0.5,katherine.johnston@example.com,0770435811
ent_589ce911956b,2,ryan lamb,brad mountain 145,east sandrachester,95453,ryan.lamb@example.com,0836845776,1.0,ryan.lamb@example.com;ryanlamb@example.com,0836845776
ent_6224c5fab501,2,samuel hayes,osborn valleys 197,elizabethland,72590,samuel.hayes@example.com,0168457759,1.0,samuel.hayes@example.com,0168457759
ent_62f98b09cdae,2,connie brown,blankenship hollow 184,wilsonton,5378,connie.brown@example.com,0556258815,0.5,connie.brown@example.co;connie.brown@example.com,0556258815
ent_6ce634909ede,2,catherine morales,nelson lights 99,marshburgh,15319,catherine.morales@example.com,0346157173,0.5,catherine.morales@example.com,0346157173
ent_716ca6c16b33,2,bryan rhodes,huang locks 180,stephanieberg,38571,bryan.rhodes@example.com,0599293784,0.5,bryan.rhodes@example.com,0599293784
ent_779dee199add,2,susan aguirre,mitchell summit 11,robertland,24409,susan.aguirre@example.com,0821545447,0.5,susan.aguirre@example.com,0821545447
ent_7b156b9295be,2,cindy barnes,moore inlet 84,kimberlyshire,78649,cindy.barnes@example.com,0161227530,1.0,cindy.barnes@example.com,0161227530
ent_7bf8775fdb16,2,laura griffin,ford springs 93,west whitney,63778,laura.griffin@example.com,0257775478,0.5,laura.griffin@example.com,0257775478
ent_85d7f433cdac,2,adam davis,mary skyway 176,hernandezland,67571,adam.davis@example.com,0753443009,1.0,adam.davis@example.com,0753443009
ent_867cb35252fe,2,heather jones,jessica road 117,port bonniemouth,17987,heather.jones@example.com,0387571775,0.5,heather.jones@example.com,0387571775
ent_893cbe196e82,2,erica ramos,william underpass 180,lake christopher,68062,erica.ramos@example.com,0713493618,0.5,erica.ramos@example.com,0713493618
ent_8e80bf7e19cb,2,lisa davis,emily fork 139,east andrew,32593,lisa.davis@example.com,0771906594,1.0,lisa.davis@example.com,0771906574;0771906594
ent_91b9fa96ca32,2,louis diaz,coleman manor 172,michaelfurt,37152,louis.diaz@example.com,0794523219,0.5,louis.diaz@example.com,0794163219;0794523219
ent_93d7ea59d4af,2,ellen alexander,oconnor course 20,markchester,23522,ellen.alexander@example.com,0928565431,1.0,elen.alexander@example.com;ellen.alexander@example.com,0928565431
ent_962a69b37a83,2,tammy bell,molly port 86,jonestown,12527,tammy.bell@example.com,0478872874,0.5,tammy.bell@example.com,0478872874;0478878874
ent_98a01162542c,2,dr morgan payne phd,adam lodge 61,east ambertown,44412,dr.morgan.payne.phd@example.com,0650249163,1.0,dr.morgan.payne.phd@example.com,0650229163;0650249163
ent_992931e0f86b,2,diane cummings,mathew prairie 126,west kyle,86491,diane.cummings@example.com,0280801006,0.5,diane.cummings@example.com,0280801006
ent_994267ef12db,2,chad jones,william plains 146,lake matthewberg,78783,chad.jones@example.com,0685621850,1.0,chad.jones@example.com,0685621850
ent_9a47448b1ba6,2,david jones,novak islands 175,lake joshuamouth,64805,david.jones@example.com,0420438057,0.5,david.jones@example.com,0420438057
ent_9c65e329043d,2,laura perez,russell mission 37,hamiltontown,51553,laura.perez@example.com,0028457652,1.0,laura.perez@example.com,0028457652
ent_9ce2d318e19b,2,alexandra valdez,bryan crest 71,parkerfurt,90426,alexandra.valdez@example.com,0870998616,0.5,alexandra.valdez@example.com,0870998616
ent_9e7dd4fe59db,2,christopher smith,stanton track 16,new rita,82460,christopher.smith@example.com,0310518347,1.0,christopher.smith@example.com,0310518347
ent_9f9be980149f,2,mitchell garcia,adam plaza 43,south denise,62851,mitchell.garcia@example.com,0157043315,0.5,mitchell.garcia@example.com,0157043315
ent_a00f773e00cb,2,deanna smith,michael springs 107,new barbara,85583,deanna.smith@example.com,0572934172,0.5,deanna.smith@example.com,0572934172
ent_a1f773c6fb5c,2,mark harvey,hernandez springs 56,north ashley,92319,mark.harvey@example.com,0521356804,0.5,mark.harvey@example.com,0521356804
ent_a2907b14a6ed,2,pamela ramirez,david court 39,brooksmouth,73617,pamela.ramirez@example.com,0208635365,0.5,pamela.ramirez@example.com,0208635365
ent_a310da54b6ef,2,ryan pope,taylor hollow 111,west donna,94248,ryan.pope@example.com,0506180919,1.0,ryan.pope@example.com,0506180919
ent_aa289bc2bdb6,2,barbara tate,paul mills 82,lake virginia,26607,barbara.tate@example.com,0641118242,0.5,barbara.tate@example.com,0641118242
ent_aac3f8935dd7,2,laura sampson,johnston track 161,south april,58464,laura.sampson@example.com,0527177449,0.5,laura.sampson@example.com,0527177449
ent_b0206c50dd07,2,james cole,aguilar place 101,stephensstad,92465,james.cole@example.com,0842450882,1.0,james.cole@example.com,0842450882
ent_b098dbd4374c,2,tracie nelson,marshall views 144,marcusbury,11860,tracie.nelson@example.com,0593174612,0.5,tracie.nelson@example.com,0593174612
ent_b14f1cdbb7f8,2,dustin gallegos,katherine mountains 84,gilbertland,2991,dustin.gallegos@example.com,0646519398,1.0,dustin.allegos@example.co;dustin.gallegos@example.com,0646519398
ent_b9cbead613f0,2,colleen nguyen,jeremy bypass 150,richardland,28154,colleen.nguyen@example.com,0653287101,0.5,colleen.nguyen@example.co;colleen.nguyen@example.com,0653217101;0653287101
ent_ba6c0d9efc42,2,debbie ewing,stephanie walk 158,hawkinsside,33249,debbie.ewing@example.com,0480141381,0.5,debbie.ewing@example.com,0480141381
ent_c4777f0d740b,2,jamie garcia,salazar green 131,new jose,35812,jamie.garcia@example.com,0661794549,0.5,jamie.garcia@example.com,0661794549
ent_cc74aad8eccc,2,diane evans,grimes mission 133,reedside,71729,diane.evans@example.com,0141247826,1.0,diane.evans@example.com,0141247826
ent_cd6cf9ddaa0c,2,veronica silva,candice greens 34,lake brett,63474,veronica.silva@example.com,0344565574,0.5,veronica.silva@example.com,0344565570;0344565574
ent_e03ce10acc98,2,teresa henderson,tanya rapid 114,michaelshire,67008,teresa.henderson@example.com,0473384842,0.5,teresa.henderson@example.com,0473384842
ent_e9ac1f5cd4c7,2,emily allen,isaac square 68,new paul,78675,emily.allen@example.com,0257991366,0.5,eily.allen@example.co;emily.allen@example.com,0257991366
ent_f574ec2b69d7,2,ian cooper,roman stream 40,herrerafurt,10829,ian.cooper@example.com,0351161559,1.0,ian.cooper@example.com;in.cooper@example.co,0351161559
ent_f57dffe6dec2,2,william moreno,terri courts 155,lake john,70452,william.moreno@example.com,0060480589,0.5,william.moreno@example.com,0060480589
ent_fa1507ba8e88,2,gina beard,peters path 85,north john,53772,gina.beard@example.com,0290422842,0.5,gina.beard@example.com,0290422842
ent_0026476a20bf,1,jared cunningham,kevin views 111,lake victoriaton,12756,jared.cunningham@example.com,0978292216,1.0,jared.cunningham@example.com,0978292216
ent_008451a05e1e,1,christopher jenkins,roberts locks 170,south christopherview,42873,christopher.jenkins@example.com,0254629148,1.0,christopher.jenkins@example.com,0254629148
ent_00a8a5c3f7ba,1,curtis watson,patricia throughway 93,north erica,82642,curtis.watson@example.com,0624220102,1.0,curtis.watson@example.com,0624220102
ent_00f7eea0d077,1,kelly bailey,samuel square 58,floresport,6357,kelly.bailey@example.com,0942788165,1.0,kelly.bailey@example.com,0942788165
ent_01592d51db5a,1,holly reyes,cassie springs 72,rushstad,58689,holly.reyes@example.com,0982544948,1.0,holly.reyes@example.com,0982544948
ent_0286dd552c9b,1,dr kendra contreras,huynh cove 63,west darrell,14530,dr.kendra.contreras@example.com,0201632870,1.0,dr.kendra.contreras@example.com,0201632870
ent_0486ffb0d9c8,1,henry garner,fisher isle 88,jorgeport,61287,henry.garner@example.com,0832197199,1.0,henry.garner@example.com,0832197199
ent_065f8e41a20c,1,julie koch dds,sierra parkways 156,levyborough,76961,julie.koch.dds@example.com,0042102027,1.0,julie.koch.dds@example.com,0042102027
ent_06be19ff5cbf,1,curtis wilkerson,crystal unions 186,south kimberlystad,63374,curtis.wilkerson@example.com,0572791940,1.0,curtis.wilkerson@example.com,0572791940
ent_06cb3f00aa09,1,jesus wood,elliott hollow 141,south micheal,65166,jesus.wood@example.com,0814743503,1.0,jesus.wood@example.com,0814743503
ent_07a85bd180d3,1,daniel turner,silva avenue 183,annaport,39622,daniel.turner@example.com,0810409157,1.0,daniel.turner@example.com,0810409157
ent_07eb1cd77ab3,1,christopher mclaughlin,clayton forges 192,christianbury,68214,christopher.mclaughlin@example.com,0285196115,1.0,christopher.mclaughlin@example.com,0285196115
ent_07fd89a40a37,1,evan rojas,sloan burgs 112,staceyshire,19126,evan.rojas@example.com,0227837693,1.0,evan.rojas@example.com,0227837693
ent_08a35293e09f,1,michael turner,laura port 20,west amandastad,9539,michael.turner@example.com,0236851604,1.0,michael.turner@example.com,0236851604
ent_09d66f6e5482,1,lawrence edwards,gross wall 102,theresaberg,49068,lawrence.edwards@example.com,0848666188,1.0,lawrence.edwards@example.com,0848666188
ent_0b6a63765cf0,1,seth hernandez,matthew port 98,thomasburgh,11093,seth.hernandez@example.com,0570132902,1.0,seth.hernandez@example.com,0570132902
ent_10309cbe2800,1,joshua jackson,cunningham trail 95,dunnville,75567,joshua.jackson@example.com,0887449562,1.0,joshua.jackson@example.com,0887449562
ent_10d293a95915,1,deanna barnes md,brandy ports 172,west jessica,29646,deanna.barnes.md@example.com,0817921717,1.0,deanna.barnes.md@example.com,0817921717
ent_1106a1dda2d6,1,jennifer estes,lisa ports 196,jamesburgh,65809,jennifer.estes@example.com,0146303161,1.0,jennifer.estes@example.com,0146303161
ent_1185401df4fc,1,courtney franklin,marquez station 124,rodneyfurt,46207,courtney.franklin@example.com,0845218230,1.0,courtney.franklin@example.com,0845218230
ent_12c6fc06c99a,1,betty alvarez,joseph well 56,brandtside,99495,betty.alvarez@example.com,0098050097,1.0,betty.alvarez@example.com,0098050097
ent_12f0de3dc76e,1,ricky larson,gonzales mountain 93,hollyview,66098,ricky.larson@example.com,0161369681,1.0,ricky.larson@example.com,0161369681
ent_13b724905530,1,kimberly may,katelyn prairie 20,lake melaniestad,66408,kimberly.may@example.com,0120754527,1.0,kimberly.may@example.com,0120754527
ent_1407c2b75f43,1,michele stone,bolton neck 51,edwardsburgh,60750,michele.stone@example.com,0721510702,1.0,michele.stone@example.com,0721510702
ent_142e9ae35ca0,1,brent anderson,hardy points 141,lake rachel,86279,brent.anderson@example.com,0276153966,1.0,brent.anderson@example.com,0276153966
ent_1574bddb75c7,1,juan dunlap,erin plain 17,kaylamouth,15122,juan.dunlap@example.com,0509839301,1.0,juan.dunlap@example.com,0509839301
ent_15a17abee2bf,1,carolyn james,joseph grove 48,thomasburgh,57474,carolyn.james@example.com,0818268861,1.0,carolyn.james@example.com,0818268861
ent_15aa0c7e8fbd,1,richard turner,juan mill 153,fostertown,62627,richard.turner@example.com,0852401322,1.0,richard.turner@example.com,0852401322
ent_1625434cebb5,1,taylor taylor,john island 147,lake nicole,12130,taylor.taylor@example.com,0264957823,1.0,taylor.taylor@example.com,0264957823
ent_16a9efea4885,1,christopher morales,sandoval place 106,mahoneymouth,72601,christopher.morales@example.com,0399076769,1.0,christopher.morales@example.com,0399076769
ent_17ba0791499d,1,latoya robbins,diana locks 76,thomasberg,32826,latoya.robbins@example.com,0627048281,1.0,latoya.robbins@example.com,0627048281
ent_1a1162ec85b1,1,stephanie elliott,harry vista 52,alexisborough,77444,stephanie.elliott@example.com,0394522885,1.0,stephanie.elliott@example.com,0394522885
ent_1b04f217730b,1,mark jones,albert parkways 169,brooksfort,86914,mark.jones@example.com,0571130554,1.0,mark.jones@example.com,0571130554
ent_1b0a69d74c5a,1,thomas sloan,christopher point 31,arnoldview,68617,thomas.sloan@example.com,0230940777,1.0,thomas.sloan@example.com,0230940777
ent_1bdf1a2fc923,1,ian torres,gregory rest 170,port juanberg,71098,ian.torres@example.com,0877347784,1.0,ian.torres@example.com,0877347784
ent_1c6637a8f2e1,1,jonathan young,nicholas burgs 155,sarahmouth,19643,jonathan.young@example.com,0375265479,1.0,jonathan.young@example.com,0375265479
ent_1cc641954099,1,larry mason,shannon valleys 95,toniland,66633,larry.mason@example.com,0560932048,1.0,larry.mason@example.com,0560932048
ent_1d513c0bcbe3,1,tommy evans,castaneda village 98,medinaside,79570,tommy.evans@example.com,0627028951,1.0,tommy.evans@example.com,0627028951
ent_1e7b95c56146,1,heather jones,hayes centers 179,marieland,84998,heather.jones@example.com,0936385467,1.0,heather.jones@example.com,0936385467
ent_1f0037c5e924,1,carly bell,courtney drive 144,jensenmouth,28975,carly.bell@example.com,0845061593,1.0,carly.bell@example.com,0845061593
ent_20387dbb740a,1,michael perry phd,jackson port 109,port kathleenport,4786,michael.perry.phd@example.com,0959463688,1.0,michael.perry.phd@example.com,0959463688
ent_213483417380,1,anna walker,elizabeth isle 119,kellyhaven,62741,anna.walker@example.com,0300244714,1.0,anna.walker@example.com,0300244714
ent_215bb47da8fa,1,gloria atkinson,garcia lake 117,zimmermanchester,23587,gloria.atkinson@example.com,0549651370,1.0,gloria.atkinson@example.com,0549651370
ent_22d200f8670d,1,shannon jones,brent plains 34,north sarabury,22299,shannon.jones@example.com,0427868011,1.0,shannon.jones@example.com,0427868011
ent_2456caf15123,1,nicholas sims,patricia vista 139,port bonniefurt,77838,nicholas.sims@example.com,0800616756,1.0,nicholas.sims@example.com,0800616756
ent_2473f01571bf,1,marcia wu,diamond motorway 54,michaelton,29719,marcia.wu@example.com,0403127722,1.0,marcia.wu@example.com,0403127722
ent_2659fc519890,1,jodi walker,jessica way 158,stephentown,8473,jodi.walker@example.com,0495888794,1.0,jodi.walker@example.com,0495888794
ent_2978e0c34dbe,1,tommy martin,moore courts 64,jamieborough,54146,tommy.martin@example.com,0660965699,1.0,tommy.martin@example.com,0660965699
ent_29da9bc33b14,1,ray boyd,thomas springs 31,sharonburgh,82966,ray.boyd@example.com,0033993788,1.0,ray.boyd@example.com,0033993788
ent_2a2b47bf21a3,1,lori clay,brennan camp 35,east crystalport,30318,lori.clay@example.com,0170430305,1.0,lori.clay@example.com,0170430305
ent_2a5ac580e608,1,juan bennett,erin shore 159,millerport,32803,juan.bennett@example.com,0735989334,1.0,juan.bennett@example.com,0735989334
ent_2a7541babb57,1,peter garrett,james plaza 153,west samuel,92022,peter.garrett@example.com,0622292706,1.0,peter.garrett@example.com,0622292706
ent_2aed8cef33a6,1,christina morton,myers roads 114,west hollybury,8090,christina.morton@example.com,0456424008,1.0,christina.morton@example.com,0456424008
ent_2bc4a9de2123,1,sharon crane,taylor via 177,maynardhaven,86100,sharon.crane@example.com,0565126944,1.0,sharon.crane@example.com,0565126944
ent_2bfba6b3b2af,1,ashley sandoval,gordon lights 54,pettybury,36361,ashley.sandoval@example.com,0195085016,1.0,ashley.sandoval@example.com,0195085016
ent_2c9baea38488,1,nathan stanley,valentine forge 66,obrienfort,63634,nathan.stanley@example.com,0936312303,1.0,nathan.stanley@example.com,0936312303
ent_2fcc820fc1d9,1,mark roberts,smith islands 12,port stacey,60806,mark.roberts@example.com,0651801704,1.0,mark.roberts@example.com,0651801704
ent_300122350a32,1,jaime wheeler,susan mountains 147,maxview,98668,jaime.wheeler@example.com,0962914504,1.0,jaime.wheeler@example.com,0962914504
ent_30222b26c6fe,1,brandi mason,randy parkway 125,lake johnburgh,99749,brandi.mason@example.com,0197889778,1.0,brandi.mason@example.com,0197889778
ent_3028f51407d8,1,elizabeth martin,michael path 99,meghanview,26230,elizabeth.martin@example.com,0565234138,1.0,elizabeth.martin@example.com,0565234138
ent_3219b5be78da,1,mary jackson,kline road 166,natalieland,49341,mary.jackson@example.com,0158517432,1.0,mary.jackson@example.com,0158517432
ent_329a970dfa7f,1,edgar miller,kyle locks 199,burnsview,12446,edgar.miller@example.com,0472649082,1.0,edgar.miller@example.com,0472649082
ent_329dc1daf9fb,1,rachel shannon,brandon road 61,smithburgh,58341,rachel.shannon@example.com,0343333952,1.0,rachel.shannon@example.com,0343333952
ent_3352d0d8278c,1,jeffrey lewis,morris haven 46,amyberg,74706,jeffrey.lewis@example.com,0755394237,1.0,jeffrey.lewis@example.com,0755394237
ent_343ae8e26ca0,1,william stanton,david manors 39,lake ryanberg,78495,william.stanton@example.com,0222064474,1.0,william.stanton@example.com,0222064474
ent_3464dc11507c,1,mr justin green iii,lewis ridge 64,heatherfort,26738,mr.justin.green.iii@example.com,0672946671,1.0,mr.justin.green.iii@example.com,0672946671
ent_356a192b7913,1,jonathan johnson,jennifer squares 9,robinsonshire,36964,jonathan.johnson@example.com,0013389083,1.0,jonathan.johnson@example.com,0013389083
ent_3717862a00f8,1,melissa taylor,john skyway 157,lake jesse,13634,melissa.taylor@example.com,0391725135,1.0,melissa.taylor@example.com,0391725135
ent_38c07d9eb6f5,1,brian smith,kim manor 82,south trevor,50139,brian.smith@example.com,0188125205,1.0,brian.smith@example.com,0188125205
ent_39dfc9ffd325,1,heather fields,byrd stravenue 94,lake colton,82743,heather.fields@example.com,0569092755,1.0,heather.fields@example.com,0569092755
ent_3a2dc677d8e8,1,andrea hensley,ryan mount 145,port lawrencechester,75657,andrea.hensley@example.com,0087406403,1.0,andrea.hensley@example.com,0087406403
ent_3aed9b0313f9,1,laura moreno,edwards harbors 174,north anthony,24886,laura.moreno@example.com,0126042232,1.0,laura.moreno@example.com,0126042232
ent_3af0af21718a,1,brian leon,alexander village 180,east james,53006,brian.leon@example.com,0612286852,1.0,brian.leon@example.com,0612286852
ent_3b69df951b3d,1,jasmine watson,wood mission 166,west scottview,30155,jasmine.watson@example.com,0718129826,1.0,jasmine.watson@example.com,0718129826
ent_3bb18d9ab531,1,daniel francis,choi divide 79,ericastad,1962,daniel.francis@example.com,0232161107,1.0,daniel.francis@example.com,0232161107
ent_3cc5149977a9,1,heather ortiz,benjamin parks 177,lake sarah,43833,heather.ortiz@example.com,0258001061,1.0,heather.ortiz@example.com,0258001061
ent_3ead28f890ec,1,ann johnson,frank ports 128,port jeffrey,30006,ann.johnson@example.com,0357438421,1.0,ann.johnson@example.com,0357438421
ent_3f4ed2f1010b,1,daniel martin,johnson cape 112,new brittany,18159,daniel.martin@example.com,0908357232,1.0,daniel.martin@example.com,0908357232
ent_3fcfb99ec010,1,megan moore,landry radial 83,daniellechester,90981,megan.moore@example.com,0115447962,1.0,megan.moore@example.com,0115447962
ent_4088f87e6ece,1,jeffrey hawkins,eugene vista 82,adammouth,93521,jeffrey.hawkins@example.com,0998056265,1.0,jeffrey.hawkins@example.com,0998056265
ent_41f448afc826,1,steve mooney,alexandria villages 117,port elizabethtown,54554,steve.mooney@example.com,0550375899,1.0,steve.mooney@example.com,0550375899
ent_44b2920d7e9c,1,stephanie miller,bennett fork 136,gomezstad,64314,stephanie.miller@example.com,0763514846,1.0,stephanie.miller@example.com,0763514846
ent_456f2361d677,1,laura kennedy,joshua divide 157,williamsmouth,91008,laura.kennedy@example.com,0998279501,1.0,laura.kennedy@example.com,0998279501
ent_472b07b9fcf2,1,sherry decker,allen gbrden 36,oorth jessicaland,70323,sherrydecker@example.com,0624731281,1.0,sherrydecker@example.com,0624731281
ent_47d5c9c207cc,1,jack love,donna mall 161,jenniferfort,89004,jack.love@example.com,0829737489,1.0,jack.love@example.com,0829737489
ent_491173598037,1,lee ramsey,mendez pike 118,jenniferton,23474,lee.ramsey@example.com,0107256366,1.0,lee.ramsey@example.com,0107256366
ent_4a0e88cf529f,1,kimberly little,daniel gateway 132,gabrielton,74323,kimberly.little@example.com,0222394312,1.0,kimberly.little@example.com,0222394312
ent_4ac2bbff5b52,1,mark newman,lowery club 154,north jamesmouth,17381,mark.newman@example.com,0755855665,1.0,mark.newman@example.com,0755855665
ent_4af7f9edc0f5,1,nicole moore,douglas rest 182,johnsonland,31433,nicole.moore@example.com,0962923309,1.0,nicole.moore@example.com,0962923309
ent_4afa8f9e9075,1,raymond shelton,kristina rue 168,cameronville,73634,raymond.shelton@example.com,0547772522,1.0,raymond.shelton@example.com,0547772522
ent_4c15dc21c916,1,zachary higgins,hammond view 98,east teresaland,59480,zachary.higgins@example.com,0221890927,1.0,zachary.higgins@example.com,0221890927
ent_4c8205da3610,1,rachel romero,peter mountains 89,lake paulstad,33747,rachel.romero@example.com,0071461125,1.0,rachel.romero@example.com,0071461125
ent_4c8596c838c9,1,mr justin king,lane trail 101,fitzgeraldville,98518,mr.justin.king@example.com,0693008931,1.0,mr.justin.king@example.com,0693008931
ent_4cd66dfabbd9,1,julie scott,jackson rest 149,port loriport,14669,julie.scott@example.com,0521456232,1.0,julie.scott@example.com,0521456232
ent_4d134bc07221,1,kevin hall,adrian station 146,east carloston,43810,kevin.hall@example.com,0399091699,1.0,kevin.hall@example.com,0399091699
ent_4d89d294cd4c,1,stephanie gilbert,sullivan village 41,west justinchester,76520,stephanie.gilbert@example.com,0067974034,1.0,stephanie.gilbert@example.com,0067974034
ent_4de62d12209f,1,mark brock,thomas rapid 38,davisview,29568,mark.brock@example.com,0044397359,1.0,mark.brock@example.com,0044397359
ent_4f0f5c96ca84,1,joshua li,maria spur 119,pollardfort,83303,joshua.li@example.com,0362266093,1.0,joshua.li@example.com,0362266093
ent_50336bc687eb,1,lisa allen,jesse route 128,stevetown,61482,lisa.allen@example.com,0584161692,1.0,lisa.allen@example.com,0584161692
ent_51eac6b471a2,1,allen vega,michael ferry 147,joshuaberg,5042,allen.vega@example.com,0921075224,1.0,allen.vega@example.com,0921075224
ent_536fb6934062,1,michael johnson,hill port 192,new julieport,30663,michael.johnson@example.com,0202970213,1.0,michael.johnson@example.com,0202970213
ent_53c53c5d2b63,1,bonnie roberson,austin knolls 180,michellemouth,71356,bonnie.roberson@example.com,0673899756,1.0,bonnie.roberson@example.com,0673899756
ent_53e56691fe7c,1,danielle reed,hernandez views 110,north dawnburgh,66766,danielle.reed@example.com,0565198253,1.0,danielle.reed@example.com,0565198253
ent_540d3e47795c,1,christina marsh,thomas branch 167,south victor,83161,christina.marsh@example.com,0368314727,1.0,christina.marsh@example.com,0368314727
ent_56e43ae4ca93,1,elijah patton,king gateway 55,wheelerborough,60513,elijah.patton@example.com,0555439878,1.0,elijah.patton@example.com,0555439878
ent_572e20738130,1,ashley pena,russell forks 199,morganmouth,52763,ashley.pena@example.com,0970283857,1.0,ashley.pena@example.com,0970283857
ent_5a73b747ec74,1,sylvia brown,barbara union 34,kellyburgh,23582,sylvia.brown@example.com,0517908641,1.0,sylvia.brown@example.com,0517908641
ent_5a9295d8fa43,1,traci clark,ford walk 169,north ericport,92868,traci.clark@example.com,0863878294,1.0,traci.clark@example.com,0863878294
ent_5c64cc5d7cc0,1,colin vaughan,smith fork 137,east jessica,77793,colin.vaughan@example.com,0077879565,1.0,colin.vaughan@example.com,0077879565
ent_5c8f5ac0b7ad,1,patrick watson,angela radial 174,elizabethchester,46847,patrick.watson@example.com,0866524041,1.0,patrick.watson@example.com,0866524041
ent_5d00f2c62873,1,ashley allen,joseph gateway 72,north brent,50852,ashley.allen@example.com,0141832856,1.0,ashley.allen@example.com,0141832856
ent_5d23e9656032,1,kaylee hays,king terrace 79,west michael,6766,kaylee.hays@example.com,0125286692,1.0,kaylee.hays@example.com,0125286692
ent_5dd8b53aacfc,1,matthew sweeney,garcia pines 180,south travis,8351,matthew.sweeney@example.com,0812735857,1.0,matthew.sweeney@example.com,0812735857
ent_5e06d22c8893,1,kimberly maldonado,stephanie mountain 46,south lauren,91312,kimberly.maldonado@example.com,0481934667,1.0,kimberly.maldonado@example.com,0481934667
ent_5e5ad0b76c76,1,jennifer garcia,morris estate 11,connerfort,85590,jennifer.garcia@example.com,0384576205,1.0,jennifer.garcia@example.com,0384576205
ent_5e796e48332a,1,karen short,vasquez ports 8,east edwardshire,40325,karen.short@example.com,0244550229,1.0,karen.short@example.com,0244550229
ent_5f1cd7c3fb68,1,amanda zimmerman,warren ridge 149,west nathan,37580,amanda.zimmerman@example.com,0642353693,1.0,amanda.zimmerman@example.com,0642353693
ent_5f573b82f1da,1,elizabeth sanchez,evans cliffs 198,east scottfort,61376,elizabeth.sanchez@example.com,0109104300,1.0,elizabeth.sanchez@example.com,0109104300
ent_5f6955d227a3,1,timothy hardy,antonio shore 147,mendeztown,32045,timothy.hardy@example.com,0353875842,1.0,timothy.hardy@example.com,0353875842
ent_61188f243968,1,maria hernandez,dwayne flat 37,new eric,86419,maria.hernandez@example.com,0836440892,1.0,maria.hernandez@example.com,0836440892
ent_6153f0b97fb4,1,christopher bennett,amy course 106,brookefort,92841,christopher.bennett@example.com,0333127975,1.0,christopher.bennett@example.com,0333127975
ent_620807a1bbd6,1,robert wilson,fernandez haven 112,new lynnstad,67912,robert.wilson@example.com,0471589042,1.0,robert.wilson@example.com,0471589042
ent_62866ab41533,1,patricia smith,alexander forge 84,north stacyfurt,66903,patricia.smith@example.com,0778487282,1.0,patricia.smith@example.com,0778487282
ent_64e095fe763f,1,jennifer oliver,sara freeway 139,port lisa,54541,jennifer.oliver@example.com,0760366909,1.0,jennifer.oliver@example.com,0760366909
ent_6632e7ca34bf,1,penny anderson,schultz lodge 104,sanfordfurt,1112,penny.anderson@example.com,0668327238,1.0,penny.anderson@example.com,0668327238
ent_6765c043a097,1,travis vega,victor flats 188,lake john,35288,travis.vega@example.com,0923045018,1.0,travis.vega@example.com,0923045018
ent_682a03f4cd9e,1,anthony simpson,mitchell branch 134,south dennisview,95856,anthony.simpson@example.com,0842524105,1.0,anthony.simpson@example.com,0842524105
ent_683e725c03a8,1,doris hall,warner motorway 190,lake jesusview,82428,doris.hall@example.com,0060715969,1.0,doris.hall@example.com,0060715969
ent_68b5193fd0f5,1,albert edwards,robert ford 34,shawfort,96948,albert.edwards@example.com,0365199410,1.0,albert.edwards@example.com,0365199410
ent_69e56976fc9b,1,phillip clark,lisa fort 160,kimtown,36843,phillip.clark@example.com,0912165585,1.0,phillip.clark@example.com,0912165585
ent_6b6277afcb65,1,megan richards,rodriguez fort 16,johnsonside,43493,megan.richards@example.com,0276773592,1.0,megan.richards@example.com,0276773592
ent_6c0ac76ca9fe,1,jeffrey warren,joseph ports 42,south spencerstad,7767,jeffrey.warren@example.com,0663416389,1.0,jeffrey.warren@example.com,0663416389
ent_6c41101fe24a,1,jason hart,joyce brook 179,angelashire,76410,jason.hart@example.com,0021697972,1.0,jason.hart@example.com,0021697972
ent_6c4c04be8f82,1,jason cortez,mckenzie ports 65,davidton,24008,jason.cortez@example.com,0601367303,1.0,jason.cortez@example.com,0601367303
ent_6cc71d91778f,1,kristy hernandez,christopher key 116,arellanoshire,30321,kristy.hernandez@example.com,0027937145,1.0,kristy.hernandez@example.com,0027937145
ent_6e21fce62b88,1,david smith,beth cape 89,cooperland,71432,david.smith@example.com,0241406029,1.0,david.smith@example.com,0241406029
ent_6e75d23a0574,1,meagan daniel,griffin greens 149,east heather,46439,meagan.daniel@example.com,0832482629,1.0,meagan.daniel@example.com,0832482629
ent_708a77db476d,1,brianna anderson,lindsey creek 51,east alexisbury,77683,brianna.anderson@example.com,0986800025,1.0,brianna.anderson@example.com,0986800025
ent_70ac2ffcf11f,1,jessica harris,lee tunnel 66,new gavin,5227,jessica.harris@example.com,0118005375,1.0,jessica.harris@example.com,0118005375
ent_7110e0d3f236,1,thomas bush,richardson mountain 176,reidville,89783,thomas.bush@example.com,0551240568,1.0,thomas.bush@example.com,0551240568
ent_7224f997fc14,1,michael martinez,terri plaza 56,heidiberg,84107,michael.martinez@example.com,0673657661,1.0,michael.martinez@example.com,0673657661
ent_72ab8108eff0,1,sarah york,newman cliffs 142,emilyview,13372,sarah.york@example.com,0646317520,1.0,sarah.york@example.com,0646317520
ent_7320828c9153,1,elaine brooks,john loop 85,east gregory,80388,elaine.brooks@example.com,0415667652,1.0,elaine.brooks@example.com,0415667652
ent_733b57ae9e45,1,linda romero,erickson hills 149,cabrerastad,43917,linda.romero@example.com,0182619906,1.0,linda.romero@example.com,0182619906
ent_74cbd2c215c2,1,daniel fowler,brent isle 50,east kristin,27397,daniel.fowler@example.com,0584168784,1.0,daniel.fowler@example.com,0584168784
ent_75988f5ac057,1,tim wilson,kyle streets 35,north alexander,18485,tim.wilson@example.com,0547807740,1.0,tim.wilson@example.com,0547807740
ent_75d2a5a3c528,1,alexis mccall,hebert village 86,south laurieton,47808,alexis.mccall@example.com,0190361332,1.0,alexis.mccall@example.com,0190361332
ent_76546f9a641e,1,katherine nelson,johnson junction 113,ramseymouth,17229,katherine.nelson@example.com,0187026217,1.0,katherine.nelson@example.com,0187026217
ent_7719a1c782a1,1,gerald hensley,james plain 68,taylorburgh,37010,gerald.hensley@example.com,0874016400,1.0,gerald.hensley@example.com,0874016400
ent_77873674e5df,1,katrina adkins,lucas tunnel 7,south paul,32100,katrina.adkins@example.com,0681149216,1.0,katrina.adkins@example.com,0681149216
ent_77895c1f6805,1,erika watson phd,mckenzie islands 87,new amy,49661,erika.watson.phd@example.com,0078593110,1.0,erika.watson.phd@example.com,0078593110
ent_784ef0059227,1,jack mora,sarah walks 193,new lindachester,29928,jack.mora@example.com,0204618723,1.0,jack.mora@example.com,0204618723
ent_78a8efcbaaa1,1,david griffith,wilson plain 83,east javier,63965,david.griffith@example.com,0921249985,1.0,david.griffith@example.com,0921249985
ent_7919ae519f96,1,brian chen,smith underpass 60,brendafurt,32363,brian.chen@example.com,0048913824,1.0,brian.chen@example.com,0048913824
ent_794bb3681bab,1,johnny peterson,floyd parks 137,steventon,43787,johnny.peterson@example.com,0204339718,1.0,johnny.peterson@example.com,0204339718
ent_79816ecb0a75,1,timothy smith,young terrace 161,stephanieport,76845,timothy.smith@example.com,0294511686,1.0,timothy.smith@example.com,0294511686
ent_7a698699a922,1,mr joseph levine dvm,anderson wall 64,diazburgh,62237,mr.joseph.levine.dvm@example.com,0472282005,1.0,mr.joseph.levine.dvm@example.com,0472282005
ent_7a95563490d8,1,brian goodwin,bell meadow 167,kyliebury,36803,brian.goodwin@example.com,0824558771,1.0,brian.goodwin@example.com,0824558771
ent_7b52009b64fd,1,kimberly burgess,hurst locks 77,jeffreyberg,67285,kimberly.burgess@example.com,0893252880,1.0,kimberly.burgess@example.com,0893252880
ent_7d7116e23efe,1,ms susan vargas,christopher meadow 68,port steven,7091,ms.susan.vargas@example.com,0596158657,1.0,ms.susan.vargas@example.com,0596158657
ent_7ed28031fea3,1,christopher smith,rosales trail 58,east carriebury,84340,christopher.smith@example.com,0256216893,1.0,christopher.smith@example.com,0256216893
ent_7ee08d3afb3a,1,grant phillips,devon rapids 159,meganside,41645,grant.phillips@example.com,0055281832,1.0,grant.phillips@example.com,0055281832
ent_7ee51d9582ef,1,eileen armstrong,derek terrace 28,sellersview,86470,eileen.armstrong@example.com,0818451848,1.0,eileen.armstrong@example.com,0818451848
ent_7f03f3f2febc,1,lori lin,hernandez cliff 56,ramosport,36503,lori.lin@example.com,0735403317,1.0,lori.lin@example.com,0735403317
ent_7fdec83a2662,1,julie ball,patel view 185,east steven,20833,julie.ball@example.com,0074466609,1.0,julie.ball@example.com,0074466609
ent_80cc9feae575,1,kevin lynn,anderson shoal 126,north justin,9650,kevin.lynn@example.com,0167811266,1.0,kevin.lynn@example.com,0167811266
ent_81110df80ca4,1,brian johnson,john cape 143,gonzalesside,28978,brian.johnson@example.com,0241724825,1.0,brian.johnson@example.com,0241724825
ent_81c69212880f,1,jennifer haney,west lane 166,millerside,17932,jennifer.haney@example.com,0290349446,1.0,jennifer.haney@example.com,0290349446
ent_827bfc458708,1,eric nolan,rachel fords 139,lake curtis,73886,eric.nolan@example.com,0122362316,1.0,eric.nolan@example.com,0122362316
ent_828f720439ce,1,christopher guerra,jennifer cape 142,diazbury,58723,christopher.guerra@example.com,0662961943,1.0,christopher.guerra@example.com,0662961943
ent_83fdc3407ccf,1,william patterson,nicole hollow 31,port sarah,36417,william.patterson@example.com,0179080759,1.0,william.patterson@example.com,0179080759
ent_84b0b577501b,1,mr george booker dds,brian rue 143,lake amanda,14577,mr.george.booker.dds@example.com,0700794200,1.0,mr.george.booker.dds@example.com,0700794200
ent_851cd04fbcac,1,nicholas buck,hill turnpike 9,north emilyfurt,48120,nicholas.buck@example.com,0745171339,1.0,nicholas.buck@example.com,0745171339
ent_86e55aec99bf,1,natasha dunn,jon route 30,jameston,87886,natasha.dunn@example.com,0405786170,1.0,natasha.dunn@example.com,0405786170
ent_8746b7e5d534,1,andrew green,valdez drive 10,philipshire,96606,andrew.green@example.com,0028427624,1.0,andrew.green@example.com,0028427624
ent_8749f5bad075,1,michele smith,miller ramp 94,new erin,1718,michele.smith@example.com,0276365564,1.0,michele.smith@example.com,0276365564
ent_88547be11308,1,scott rubio,watson island 110,villanuevashire,36510,scott.rubio@example.com,0108573278,1.0,scott.rubio@example.com,0108573278
ent_88a9d5a83b2b,1,lucas williams,christopher shoals 156,new amber,658,lucas.williams@example.com,0003486451,1.0,lucas.williams@example.com,0003486451
ent_8980dc86c1e9,1,autumn cain,lisa radial 133,michellechester,22256,autumn.cain@example.com,0011848955,1.0,autumn.cain@example.com,0011848955
ent_89a1c105a472,1,brent hernandez,christine glen 32,josephfurt,10858,brent.hernandez@example.com,0779827080,1.0,brent.hernandez@example.com,0779827080
ent_89d79a520700,1,mark thomas,danielle junction 125,welchshire,53555,mark.thomas@example.com,0455084289,1.0,mark.thomas@example.com,0455084289
ent_8a279e5c5354,1,julie delacruz,thomas fields 143,port erinhaven,39607,julie.delacruz@example.com,0172461919,1.0,julie.delacruz@example.com,0172461919
ent_8ada660e06b7,1,valerie jacobson,jerry ways 116,nelsonland,90210,valerie.jacobson@example.com,0226984858,1.0,valerie.jacobson@example.com,0226984858
ent_8c4a0a7afbb1,1,jeffery murray,soto ferry 169,fosterborough,59427,jeffery.murray@example.com,0275037314,1.0,jeffery.murray@example.com,0275037314
ent_8d6f9131366d,1,linda mueller,smith loop 153,maxwellside,32317,linda.mueller@example.com,0094798515,1.0,linda.mueller@example.com,0094798515
ent_8df1bd5982b6,1,danielle williams,hansen plains 63,lopezburgh,71754,danielle.williams@example.com,0553795020,1.0,danielle.williams@example.com,0553795020
ent_8e6b8a73bce7,1,daniel stone,jessica place 16,lopezhaven,86599,daniel.stone@example.com,0065120704,1.0,daniel.stone@example.com,0065120704
ent_8ee51caaa2c2,1,tanya johnston,sanders stravenue 94,north brittany,82714,tanya.johnston@example.com,0884247451,1.0,tanya.johnston@example.com,0884247451
ent_8f98b68c4d83,1,sara cardenas,sheppard spur 183,armstrongbury,62925,sara.cardenas@example.com,0211175186,1.0,sara.cardenas@example.com,0211175186
ent_8ff059157542,1,whitney garcia,christopher loaf 108,jeromeport,58586,whitney.garcia@example.com,0684550489,1.0,whitney.garcia@example.com,0684550489
ent_904f2cc1c367,1,ronald brandt,kelley landing 84,north pennyfort,18909,ronald.brandt@example.com,0315313636,1.0,ronald.brandt@example.com,0315313636
ent_90af7edbfd8a,1,robert nicholson,kevin port 195,new mary,51508,robert.nicholson@example.com,0587996846,1.0,robert.nicholson@example.com,0587996846
ent_91032ad7bbcb,1,sherry decker,allen garden 36,north jessicaland,70323,sherry.decker@example.com,0624731781,1.0,sherry.decker@example.com,0624731781
ent_9109c85a45b7,1,ms teresa wilson,white greens 69,north candacestad,95992,ms.teresa.wilson@example.com,0531473799,1.0,ms.teresa.wilson@example.com,0531473799
ent_9170981d59d0,1,brian gibson,nelson road 80,lopeztown,20443,brian.gibson@example.com,0975679228,1.0,brian.gibson@example.com,0975679228
ent_918fc64d3247,1,kelly mclaughlin,samantha plaza 34,jessicaside,76907,kelly.mclaughlin@example.com,0809242875,1.0,kelly.mclaughlin@example.com,0809242875
ent_91dfde1d6e00,1,maria moore,hicks groves 121,davenportfort,32447,maria.moore@example.com,0359774688,1.0,maria.moore@example.com,0359774688
ent_934385f53d1b,1,jackie tran,coleman summit 165,michaelmouth,36010,jackie.tran@example.com,0007661771,1.0,jackie.tran@example.com,0007661771
ent_93ac1946cb91,1,stanley taylor,darlene springs 26,north alyssa,1611,stanley.taylor@example.com,0203471754,1.0,stanley.taylor@example.com,0203471754
ent_93f271ad5efd,1,matthew cantrell,wendy tunnel 172,gomezfurt,53644,matthew.cantrell@example.com,0900489646,1.0,matthew.cantrell@example.com,0900489646
ent_945335a6aaa0,1,joy meyer,hamilton spur 157,west wendy,64749,joy.meyer@example.com,0137189490,1.0,joy.meyer@example.com,0137189490
ent_972a67c48192,1,erik williams,shaw walk 59,north susan,11001,erik.williams@example.com,0303654145,1.0,erik.williams@example.com,0303654145
ent_97b31c942dea,1,jody palmer,elliott points 32,chambersport,95302,jody.palmer@example.com,0035797279,1.0,jody.palmer@example.com,0035797279
ent_97e01b6f38ed,1,kenneth krause,lisa stravenue 33,lindaside,57152,kenneth.krause@example.com,0203103037,1.0,kenneth.krause@example.com,0203103037
ent_982fd8b71127,1,patricia baker,katie mall 4,south pamelaside,38468,patricia.baker@example.com,0552696582,1.0,patricia.baker@example.com,0552696582
ent_985d6ac20b18,1,richard lindsey,schwartz causeway 118,hughesmouth,72869,richard.lindsey@example.com,0520885474,1.0,richard.lindsey@example.com,0520885474
ent_98fbc42faedc,1,brittney campbell,jennifer ford 32,williamview,7159,brittney.campbell@example.com,0727889579,1.0,brittney.campbell@example.com,0727889579
ent_99316daea530,1,daniel brock,cox drives 22,pearsonview,34750,daniel.brock@example.com,0123829657,1.0,daniel.brock@example.com,0123829657
ent_9a3e61b6bcc8,1,cynthia green,howe lock 142,louisview,31120,cynthia.green@example.com,0218274485,1.0,cynthia.green@example.com,0218274485
ent_9a61b86ecef7,1,nicole gonzalez,porter cape 80,east jenniferfort,68570,nicole.gonzalez@example.com,0518705349,1.0,nicole.gonzalez@example.com,0518705349
ent_9a70776c7433,1,jose guerra,stacey forges 102,wilkersontown,54882,jose.guerra@example.com,0596575692,1.0,jose.guerra@example.com,0596575692
ent_9a84e151813e,1,stacy smith,scott forks 81,new dawnborough,20193,stacy.smith@example.com,0366498782,1.0,stacy.smith@example.com,0366498782
ent_9c676e003b89,1,patrick harris,greer roads 194,kariside,97291,patrick.harris@example.com,0929751702,1.0,patrick.harris@example.com,0929751702
ent_9c882d5c6a1a,1,nicole rocha,randy garden 76,kimberlyfurt,61613,nicole.rocha@example.com,0470120455,1.0,nicole.rocha@example.com,0470120455
ent_9d94ce174298,1,barbara dawson,nicholas route 76,kelseyton,78347,barbara.dawson@example.com,0420949407,1.0,barbara.dawson@example.com,0420949407
ent_9dbb7f83a82d,1,danielle davis,jones fall 182,edwardsborough,75698,danielle.davis@example.com,0774905097,1.0,danielle.davis@example.com,0774905097
ent_9deb867b96b0,1,tammy king,west locks 18,lake austinport,78588,tammy.king@example.com,0939284567,1.0,tammy.king@example.com,0939284567
ent_9e071a3a594a,1,timothy kane,ashley fort 82,williamsfort,92936,timothy.kane@example.com,0152204727,1.0,timothy.kane@example.com,0152204727
ent_9e44d2771c05,1,matthew walker,michael point 74,dannyview,75749,matthew.walker@example.com,0540193802,1.0,matthew.walker@example.com,0540193802
ent_9ed4f29f8b68,1,reginald morrow,weaver throughway 169,port jenniferside,29145,reginald.morrow@example.com,0137213865,1.0,reginald.morrow@example.com,0137213865
ent_9ee0df7c8a64,1,katherine brown,ronald hill 189,gonzaleztown,27626,katherine.brown@example.com,0086803476,1.0,katherine.brown@example.com,0086803476
ent_9f682df24566,1,christina weaver,cervantes cove 96,lake deborah,51473,christina.weaver@example.com,0782841067,1.0,christina.weaver@example.com,0782841067
ent_9ffd1ae121c4,1,brian murphy,parker rapids 94,jacksonmouth,46578,brian.murphy@example.com,0807836134,1.0,brian.murphy@example.com,0807836134
ent_a0d04378f379,1,eric rush,skinner light 167,scottchester,85833,eric.rush@example.com,0015739930,1.0,eric.rush@example.com,0015739930
ent_a165fbd61c27,1,savannah gilbert,ford plaza 92,south reginashire,85938,savannah.gilbert@example.com,0445877175,1.0,savannah.gilbert@example.com,0445877175
ent_a1773d62a609,1,angela moore,jodi island 175,danieltown,40906,angela.moore@example.com,0122816064,1.0,angela.moore@example.com,0122816064
ent_a4c36ded9dbf,1,peggy carr,timothy oval 121,south scottland,34791,peggy.carr@example.com,0903202041,1.0,peggy.carr@example.com,0903202041
ent_a52b27e78576,1,robert velez,ronald glens 109,cannonland,37629,robert.velez@example.com,0124815698,1.0,robert.velez@example.com,0124815698
ent_a609bb8ab05a,1,chase bennett,allen fork 94,meredithberg,61190,chase.bennett@example.com,0064890901,1.0,chase.bennett@example.com,0064890901
ent_a85f2d02e23c,1,andrew logan,barker drives 115,kellibury,21170,andrew.logan@example.com,0183258238,1.0,andrew.logan@example.com,0183258238
ent_a929eb33e338,1,ariana jennings,brown harbor 28,north stacy,60101,ariana.jennings@example.com,0624565060,1.0,ariana.jennings@example.com,0624565060
ent_a93c16832314,1,joshua martin,wilson ford 64,davishaven,58891,joshua.martin@example.com,0070534578,1.0,joshua.martin@example.com,0070534578
ent_ac2646028f5b,1,richard walter,schmidt groves 183,west robin,63657,richard.walter@example.com,0715518844,1.0,richard.walter@example.com,0715518844
ent_ac3478d69a3c,1,sandra montgomery,ray squares 75,north donnaport,10959,sandra.montgomery@example.com,0131647525,1.0,sandra.montgomery@example.com,0131647525
ent_ac3e7b007d7a,1,angela davis,dana lock 126,new ashleychester,87328,angela.davis@example.com,0392855749,1.0,angela.davis@example.com,0392855749
ent_ac9c95776042,1,dale chan,eric expressway 199,owenschester,16326,dale.chan@example.com,0862095935,1.0,dale.chan@example.com,0862095935
ent_acf1fffc01dc,1,elizabeth walker,adrian hollow 130,port derrick,33992,elizabeth.walker@example.com,0398225871,1.0,elizabeth.walker@example.com,0398225871
ent_ad1bf290f3ae,1,andrea parks,stephen isle 43,north charlesburgh,33519,andrea.parks@example.com,0855445189,1.0,andrea.parks@example.com,0855445189
ent_ae1e7198bc30,1,johnathan davis,paul land 132,matthewsberg,54880,johnathan.davis@example.com,0774701687,1.0,johnathan.davis@example.com,0774701687
ent_ae5ffa6599c8,1,stephanie padilla,vaughn route 122,michaelbury,29222,stephanie.padilla@example.com,0024629960,1.0,stephanie.padilla@example.com,0024629960
ent_ae694b0755cd,1,david walker,hill lake 7,lake jessica,63409,david.walker@example.com,0269524991,1.0,david.walker@example.com,0269524991
ent_af3e133428b9,1,elizabeth stewart,albert road 141,north amandahaven,35261,elizabeth.stewart@example.com,0044369957,1.0,elizabeth.stewart@example.com,0044369957
ent_af7166a5d6dd,1,william moon iv,karen crossroad 135,new laurenfort,71380,william.moon.iv@example.com,0147617422,1.0,william.moon.iv@example.com,0147617422
ent_b00168585f7b,1,brandy flores,timothy fall 83,novakport,96822,brandy.flores@example.com,0616484085,1.0,brandy.flores@example.com,0616484085
ent_b19dc177a07c,1,john garcia,barrett pine 195,brandonbury,79924,john.garcia@example.com,0030468750,1.0,john.garcia@example.com,0030468750
ent_b202977c0fc0,1,sean wright,poole trace 148,burnsshire,83391,sean.wright@example.com,0476973577,1.0,sean.wright@example.com,0476973577
ent_b3c0730cf3f5,1,ryan gonzalez,castaneda coves 90,south ashley,75842,ryan.gonzalez@example.com,0705964016,1.0,ryan.gonzalez@example.com,0705964016
ent_b3f0c7f6bb76,1,mark lynch,nathaniel estates 187,new mariotown,15163,mark.lynch@example.com,0010651333,1.0,mark.lynch@example.com,0010651333
ent_b6589fc6ab0d,1,allison hill,donald cove 164,new roberttown,12781,allison.hill@example.com,0104332181,1.0,allison.hill@example.com,0104332181
ent_b6e7a22c25e9,1,philip garcia,jacob mission 34,garcialand,46889,philip.garcia@example.com,0294057202,1.0,philip.garcia@example.com,0294057202
ent_b74f5ee94614,1,francisco fernandez,edward lights 126,lake jason,54878,francisco.fernandez@example.com,0278755886,1.0,francisco.fernandez@example.com,0278755886
ent_b888b29826bb,1,joshua perry,marissa loaf 83,port nicoleshire,50358,joshua.perry@example.com,0339636057,1.0,joshua.perry@example.com,0339636057
ent_baa924ce1ee3,1,mario white,reese trafficway 111,emilychester,14145,mario.white@example.com,0110804661,1.0,mario.white@example.com,0110804661
ent_bbcbb1e84426,1,margaret sullivan,robertson corners 45,caldwellburgh,18931,margaret.sullivan@example.com,0233206163,1.0,margaret.sullivan@example.com,0233206163
ent_bc3f9e234e98,1,chad zamora,kevin forges 114,port leslie,90903,chad.zamora@example.com,0232002496,1.0,chad.zamora@example.com,0232002496
ent_bdab02b52685,1,amanda armstrong,gabriel falls 196,greeneshire,84075,amanda.armstrong@example.com,0466513644,1.0,amanda.armstrong@example.com,0466513644
ent_be2793cdd2af,1,lorraine turner,elaine groves 127,south maria,14252,lorraine.turner@example.com,0663723950,1.0,lorraine.turner@example.com,0663723950
ent_be461a0cd1fd,1,garrett gibson,juarez light 10,karenchester,33566,garrett.gibson@example.com,0913431611,1.0,garrett.gibson@example.com,0913431611
ent_beba4d5d3ffb,1,erin smith,jessica mount 133,melissaside,52630,erin.smith@example.com,0804341651,1.0,erin.smith@example.com,0804341651
ent_bf0d80b16262,1,kari durham,price falls 148,west carlatown,37323,kari.durham@example.com,0610556613,1.0,kari.durham@example.com,0610556613
ent_bf9e9998a83a,1,jose williams,jones mountain 198,kiaraport,43400,jose.williams@example.com,0183764520,1.0,jose.williams@example.com,0183764520
ent_c097638f92de,1,miss patricia gibson,jennifer lights 72,rossberg,86491,miss.patricia.gibson@example.com,0296717565,1.0,miss.patricia.gibson@example.com,0296717565
ent_c0ba17c23a26,1,laura alexander,strickland parkway 69,burchborough,79755,laura.alexander@example.com,0721264647,1.0,laura.alexander@example.com,0721264647
ent_c1a38b8a671f,1,riley bryant,mary parks 178,lake zacharybury,94682,riley.bryant@example.com,0680589113,1.0,riley.bryant@example.com,0680589113
ent_c1aa04bf421e,1,mark kelley,james ranch 180,shawnchester,13500,mark.kelley@example.com,0130756263,1.0,mark.kelley@example.com,0130756263
ent_c2548064eaf0,1,jill williams,luke corner 38,east teresaside,70389,jill.williams@example.com,0572520456,1.0,jill.williams@example.com,0572520456
ent_c28097ad29ab,1,kristina faulkner,paul glens 6,west deborah,59455,kristina.faulkner@example.com,0016761847,1.0,kristina.faulkner@example.com,0016761847
ent_c28aca23f1ef,1,shelly alexander,smith divide 163,pittsberg,10308,shelly.alexander@example.com,0654051531,1.0,shelly.alexander@example.com,0654051531
ent_c30749cf5bc7,1,jason nixon,marie stream 197,west larry,60182,jason.nixon@example.com,0930848872,1.0,jason.nixon@example.com,0930848872
ent_c35a9fc52bb5,1,rachel li,ashley place 71,candiceburgh,42922,rachel.li@example.com,0393769042,1.0,rachel.li@example.com,0393769042
ent_c439c60b7bf0,1,marcus winters,kirby port 76,port michelleland,6459,marcus.winters@example.com,0037613791,1.0,marcus.winters@example.com,0037613791
ent_c56f5cb661da,1,ariel garcia,kristi ways 148,natalieview,50707,ariel.garcia@example.com,0945101622,1.0,ariel.garcia@example.com,0945101622
ent_c8306ae139ac,1,peter vaughn dds,west brook 93,west jeffreybury,40636,peter.vaughn.dds@example.com,0891783908,1.0,peter.vaughn.dds@example.com,0891783908
ent_c8c06cfae2f5,1,sarah booth,karen islands 152,west tara,7100,sarah.booth@example.com,0251142625,1.0,sarah.booth@example.com,0251142625
ent_c9ca44276565,1,wayne morgan,santos walk 189,melissaside,50309,wayne.morgan@example.com,0520585277,1.0,wayne.morgan@example.com,0520585277
ent_c9f13c161440,1,joseph anderson,katrina curve 55,shawton,16775,joseph.anderson@example.com,0269731121,1.0,joseph.anderson@example.com,0269731121
ent_ca3512f4dfa9,1,matthew cunningham,donovan ford 104,johnfurt,17655,matthew.cunningham@example.com,0482366299,1.0,matthew.cunningham@example.com,0482366299
ent_cae91e45aed8,1,kathleen jimenez,owen stream 118,millerburgh,71997,kathleen.jimenez@example.com,0978819148,1.0,kathleen.jimenez@example.com,0978819148
ent_cb4dd52770e2,1,patty taylor,young street 57,barbaramouth,31552,patty.taylor@example.com,0534655494,1.0,patty.taylor@example.com,0534655494
ent_cc8cd1ceed58,1,taylor gentry,robert villages 156,north wendy,52535,taylor.gentry@example.com,0620153368,1.0,taylor.gentry@example.com,0620153368
ent_cd3f0c85b158,1,gregory dalton,stephen crest 77,stewarttown,2050,gregory.dalton@example.com,0386490810,1.0,gregory.dalton@example.com,0386490810
ent_cd6d91089c7e,1,linda cobb,rice lake 80,new danielside,66756,linda.cobb@example.com,0862890233,1.0,linda.cobb@example.com,0862890233
ent_ce09b127d48f,1,ralph yoder,guerrero springs 101,lake anthony,65692,ralph.yoder@example.com,0299795453,1.0,ralph.yoder@example.com,0299795453
ent_cf06ed6df6eb,1,michael hoffman,walker radial 91,south kurt,90743,michael.hoffman@example.com,0438404608,1.0,michael.hoffman@example.com,0438404608
ent_cf94db48fb7a,1,nicholas jarvis,dale ramp 134,phammouth,24259,nicholas.jarvis@example.com,0782931027,1.0,nicholas.jarvis@example.com,0782931027
ent_cfa1150f1787,1,krista gray,christian mills 113,millerfort,59099,krista.gray@example.com,0390219620,1.0,krista.gray@example.com,0390219620
ent_cfe21c6800c8,1,ruben dunn,rodriguez heights 65,west david,31753,ruben.dunn@example.com,0266179796,1.0,ruben.dunn@example.com,0266179796
ent_d0226f9e35da,1,ashley sweeney,erica expressway 170,new greg,21490,ashley.sweeney@example.com,0392827229,1.0,ashley.sweeney@example.com,0392827229
ent_d049c44e2fd6,1,valerie perez,mccann mills 31,josephchester,79796,valerie.perez@example.com,0071396605,1.0,valerie.perez@example.com,0071396605
ent_d051bf1ddf82,1,miranda blair,guerrero hills 135,north brandon,75444,miranda.blair@example.com,0081770388,1.0,miranda.blair@example.com,0081770388
ent_d0e2dbb0bac1,1,regina gonzalez,amy rue 164,west margaret,9860,regina.gonzalez@example.com,0641605297,1.0,regina.gonzalez@example.com,0641605297
ent_d20016547f48,1,kimberly reyes,krystal spurs 134,new juliestad,7539,kimberly.reyes@example.com,0106200342,1.0,kimberly.reyes@example.com,0106200342
ent_d2578a848888,1,kimberly scott,jenna turnpike 117,new alexandrahaven,1443,kimberly.scott@example.com,0002720634,1.0,kimberly.scott@example.com,0002720634
ent_d30f79cf7fef,1,charles lee,michelle harbor 42,morganhaven,35519,charles.lee@example.com,0392407581,1.0,charles.lee@example.com,0392407581
ent_d321d6f7ccf9,1,pedro ramos,rivas plaza 121,merrittfort,59492,pedro.ramos@example.com,0378263982,1.0,pedro.ramos@example.com,0378263982
ent_d36550fc4422,1,lisa holland,jenkins plaza 150,brownview,50703,lisa.holland@example.com,0334419693,1.0,lisa.holland@example.com,0334419693
ent_d435a6cdd786,1,christina collins,kim path 136,martinezbury,8893,christina.collins@example.com,0208121913,1.0,christina.collins@example.com,0208121913
ent_d54ad009d179,1,justin lowery,stephen unions 58,contrerasside,78548,justin.lowery@example.com,0171274846,1.0,justin.lowery@example.com,0171274846
ent_d69b923df614,1,karen perez,scott lakes 87,greenport,1884,karen.perez@example.com,0399893544,1.0,karen.perez@example.com,0399893544
ent_da4b9237bacc,1,abigail shaffer,peterson drives 180,port matthew,12657,abigail.shaffer@example.com,0863794026,1.0,abigail.shaffer@example.com,0863794026
ent_db00e4fdc8a6,1,kathy morgan,leah glens 128,heatherfurt,74316,kathy.morgan@example.com,0456449485,1.0,kathy.morgan@example.com,0456449485
ent_dbe8ddfe63ca,1,angela jackson,cody wells 103,kelleytown,52538,angela.jackson@example.com,0260602908,1.0,angela.jackson@example.com,0260602908
ent_dcd7d0e3f3c0,1,jessica diaz,braun locks 189,south andrea,73581,jessica.diaz@example.com,0242954316,1.0,jessica.diaz@example.com,0242954316
ent_dd500e1c0fa5,1,charlotte curry,mcdowell branch 187,ashleyville,44415,charlotte.curry@example.com,0844431069,1.0,charlotte.curry@example.com,0844431069
ent_dd7c1a3d9d56,1,krista martinez,mendez course 185,new shelly,20711,krista.martinez@example.com,0940438983,1.0,krista.martinez@example.com,0940438983
ent_de9a90c16b82,1,paul thomas,rowe cliffs 103,whiteview,50515,paul.thomas@example.com,0907056260,1.0,paul.thomas@example.com,0907056260
ent_e076fa133a86,1,brenda ramirez,samantha vista 6,haynesstad,60592,brenda.ramirez@example.com,0652407784,1.0,brenda.ramirez@example.com,0652407784
ent_e114c448f4ab,1,kevin wolf,hooper village 153,west jeremy,24020,kevin.wolf@example.com,0847896118,1.0,kevin.wolf@example.com,0847896118
ent_e1c03d2c445f,1,victor hill,shawn lodge 34,west gregoryhaven,14455,victor.hill@example.com,0158624150,1.0,victor.hill@example.com,0158624150
ent_e1c1bfebab6b,1,nicholas hill,casey drives 2,phillipsview,71490,nicholas.hill@example.com,0026876811,1.0,nicholas.hill@example.com,0026876811
ent_e2154fea5da2,1,jessica cox,parker forest 46,staceyfort,25667,jessica.cox@example.com,0503926142,1.0,jessica.cox@example.com,0503926142
ent_e408d89ae85c,1,debra ortiz,michelle trafficway 10,south rhondaburgh,79293,debra.ortiz@example.com,0317807823,1.0,debra.ortiz@example.com,0317807823
ent_e4dd8a3f00e9,1,amanda mcfarland,kim road 4,tracyshire,72611,amanda.mcfarland@example.com,0455478137,1.0,amanda.mcfarland@example.com,0455478137
ent_e54183e2a040,1,bryan jimenez,thompson light 184,new angelica,88063,bryan.jimenez@example.com,0971870728,1.0,bryan.jimenez@example.com,0971870728
ent_e6de89674d9f,1,jason hayes,richard summit 8,heatherstad,60098,jason.hayes@example.com,0714163356,1.0,jason.hayes@example.com,0714163356
ent_e794a80eb109,1,mr mark lloyd,lance bridge 185,davisville,60983,mr.mark.lloyd@example.com,0379473834,1.0,mr.mark.lloyd@example.com,0379473834
ent_eb4ac3033e8a,1,david walsh,sims harbor 71,jonesport,31236,david.walsh@example.com,0658404499,1.0,david.walsh@example.com,0658404499
ent_ec2b67d54675,1,alicia woods,hardin flats 121,west jennifer,42914,alicia.woods@example.com,0053833884,1.0,alicia.woods@example.com,0053833884
ent_ec7f1f650671,1,jeffrey hoffman,chelsea shoals 46,anthonyview,92605,jeffrey.hoffman@example.com,0067240049,1.0,jeffrey.hoffman@example.com,0067240049
ent_ecb7937db58e,1,elizabeth chapman,torres river 2,new susanville,27736,elizabeth.chapman@example.com,0343244510,1.0,elizabeth.chapman@example.com,0343244510
ent_ed29c0d8b335,1,samantha zavala md,griffin row 126,north felicia,42566,samantha.zavala.md@example.com,0301471959,1.0,samantha.zavala.md@example.com,0301471959
ent_edd6bb418106,1,austin santiago,michelle manors 92,east amandachester,85247,austin.santiago@example.com,0044818321,1.0,austin.santiago@example.com,0044818321
ent_edd6ebda641b,1,chelsea lewis,figueroa trace 164,lorihaven,21337,chelsea.lewis@example.com,0303441448,1.0,chelsea.lewis@example.com,0303441448
ent_ee16ee0fa7f2,1,james nash,wayne path 131,north stacy,59357,james.nash@example.com,0926860259,1.0,james.nash@example.com,0926860259
ent_ee44c6bcc4e0,1,stephanie york,laura pass 34,north tracie,18703,stephanie.york@example.com,0975001701,1.0,stephanie.york@example.com,0975001701
ent_ef2afd226e33,1,anna hardy,brett lane 53,port charlesshire,95437,anna.hardy@example.com,0046184992,1.0,anna.hardy@example.com,0046184992
ent_efa6e44dfa01,1,deborah miller,glenn club 111,north ricky,90858,deborah.miller@example.com,0226838851,1.0,deborah.miller@example.com,0226838851
ent_efbc0848b836,1,james alvarez,jacqueline corner 156,brucemouth,74668,james.alvarez@example.com,0586693465,1.0,james.alvarez@example.com,0586693465
ent_f1f836cb4ea6,1,tyler cowan,moore hill 180,north beth,71567,tyler.cowan@example.com,0160733754,1.0,tyler.cowan@example.com,0160733754
ent_f33f7ae89c2c,1,taylor chen,jason station 62,glendaberg,93614,taylor.chen@example.com,0817933554,1.0,taylor.chen@example.com,0817933554
ent_f37062d9a655,1,david davidson,spencer cove 93,west christopherburgh,36256,david.davidson@example.com,0437993712,1.0,david.davidson@example.com,0437993712
ent_f47aea8bdcbd,1,jessica garcia,scott square 132,rebeccaton,43017,jessica.garcia@example.com,0687403450,1.0,jessica.garcia@example.com,0687403450
ent_f5354c576bb8,1,jason morris,alexandra cliff 110,port sharonburgh,4600,jason.morris@example.com,0056641877,1.0,jason.morris@example.com,0056641877
ent_f53eac2e4221,1,alexandria oneill,tiffany skyway 44,aprilville,57235,alexandria.oneill@example.com,0911179931,1.0,alexandria.oneill@example.com,0911179931
ent_f67462663a51,1,donald fischer,michael creek 153,erikashire,64284,donald.fischer@example.com,0187851910,1.0,donald.fischer@example.com,0187851910
ent_f6b9b6ccd044,1,taylor jones dvm,justin falls 55,port darlene,96090,taylor.jones.dvm@example.com,0333468007,1.0,taylor.jones.dvm@example.com,0333468007
ent_f6e1126cedeb,1,david caldwell,amber stream 67,sanchezfort,53855,david.caldwell@example.com,0353462475,1.0,david.caldwell@example.com,0353462475
ent_f76b2ea6b45e,1,christopher williams,fox summit 133,south shanestad,67772,christopher.williams@example.com,0729825952,1.0,christopher.williams@example.com,0729825952
ent_f7e19157e9c4,1,craig wilson,rose route 43,candicefurt,77440,craig.wilson@example.com,0318432225,1.0,craig.wilson@example.com,0318432225
ent_f8c024c4ad95,1,carla benton,jackson crossroad 75,jessicaville,4348,carla.benton@example.com,0930853686,1.0,carla.benton@example.com,0930853686
ent_fa1a65120bd4,1,tina gordon,page trace 109,annashire,75295,tina.gordon@example.com,0401557788,1.0,tina.gordon@example.com,0401557788
ent_fab19abfc186,1,veronica mitchell,nunez oval 45,prestonfurt,80935,veronica.mitchell@example.com,0801561931,1.0,veronica.mitchell@example.com,0801561931
ent_fb644351560d,1,jeff hill,matthew curve 130,evanmouth,72810,jeff.hill@example.com,0687277434,1.0,jeff.hill@example.com,0687277434
ent_fba7b60b15f0,1,micheal wang,miles corner 117,west christopher,10858,micheal.wang@example.com,0968845783,1.0,micheal.wang@example.com,0968845783
ent_fd93751649ac,1,sandra gilbert,johnson land 56,south sean,31448,sandra.gilbert@example.com,0950047974,1.0,sandra.gilbert@example.com,0950047974
ent_fe2ef495a115,1,kristina rodriguez,amy village 134,brandiberg,56834,kristina.rodriguez@example.com,0734714345,1.0,kristina.rodriguez@example.com,0734714345
ent_fe5dbbcea5ce,1,timothy wong,amanda gardens 102,south noah,84387,timothy.wong@example.com,0724238849,1.0,timothy.wong@example.com,0724238849
ent_ff5ae4a7485c,1,jeffrey carter,laura plaza 130,jacobside,57793,jeffrey.carter@example.com,0277288137,1.0,jeffrey.carter@example.com,0277288137
ent_ff6d1d2c3324,1,jill white,jill orchard 130,billyfort,30876,jill.white@example.com,0064796954,1.0,jill.white@example.com,0064796954
